{"cameraMode":{"drawMode":0,"name":"Shaded","section":"Shading Mode"},"sceneLighting":true,"audioPlay":false,"sceneViewState":{"showFog":false,"showMaterialUpdate":false,"showSkybox":false,"showFlares":false,"showImageEffects":false,"showParticleSystems":false},"in2DMode":false,"pivot":{"x":4.661731719970703,"y":-1.1742570400238038,"z":-18.41507911682129},"rotation":{"x":-0.03851377218961716,"y":-0.9191876649856567,"z":0.09297852218151093,"w":-0.38075128197669985},"size":11.68729305267334,"orthographic":false}