{"cameraMode":{"drawMode":0,"name":"Shaded","section":"Shading Mode"},"sceneLighting":true,"audioPlay":false,"sceneViewState":{"showFog":true,"showMaterialUpdate":true,"showSkybox":true,"showFlares":true,"showImageEffects":true,"showParticleSystems":true},"in2DMode":false,"pivot":{"x":-4.607933044433594,"y":-27.846567153930665,"z":18.397077560424806},"rotation":{"x":0.046289291232824329,"y":0.8921133875846863,"z":-0.43957090377807619,"w":0.09402105957269669},"size":12.427261352539063,"orthographic":false}