{"cameraMode":{"drawMode":0,"name":"Shaded","section":"Shading Mode"},"sceneLighting":false,"audioPlay":false,"sceneViewState":{"showFog":false,"showMaterialUpdate":false,"showSkybox":false,"showFlares":false,"showImageEffects":false,"showParticleSystems":false},"in2DMode":false,"pivot":{"x":-2.8278019428253176,"y":-0.2364950329065323,"z":-0.7904658317565918},"rotation":{"x":-0.18296658992767335,"y":0.32706719636917117,"z":-0.0647040605545044,"w":-0.9248602390289307},"size":4.839195728302002,"orthographic":false}