{"cameraMode":{"drawMode":0,"name":"Shaded","section":"Shading Mode"},"sceneLighting":false,"audioPlay":false,"sceneViewState":{"showFog":false,"showMaterialUpdate":false,"showSkybox":false,"showFlares":false,"showImageEffects":false,"showParticleSystems":false},"in2DMode":false,"pivot":{"x":-5.076699256896973,"y":-11.864834785461426,"z":30.40285301208496},"rotation":{"x":-0.04966391623020172,"y":0.7041401863098145,"z":-0.04911898449063301,"w":-0.7067623734474182},"size":0.8660253882408142,"orthographic":false}