{"cameraMode":{"drawMode":0,"name":"Shaded","section":"Shading Mode"},"sceneLighting":true,"audioPlay":false,"sceneViewState":{"showFog":true,"showMaterialUpdate":true,"showSkybox":true,"showFlares":true,"showImageEffects":true,"showParticleSystems":true},"in2DMode":false,"pivot":{"x":-5.72019100189209,"y":-11.073603630065918,"z":40.77302169799805},"rotation":{"x":0.00752416392788291,"y":0.9923052191734314,"z":-0.08297260850667954,"w":0.09280077368021012},"size":1.4660253524780274,"orthographic":false}