{"cameraMode":{"drawMode":0,"name":"Shaded","section":"Shading Mode"},"sceneLighting":false,"audioPlay":false,"sceneViewState":{"showFog":false,"showMaterialUpdate":false,"showSkybox":false,"showFlares":false,"showImageEffects":false,"showParticleSystems":false},"in2DMode":false,"pivot":{"x":-7.428645133972168,"y":-10.930322647094727,"z":16.003231048583986},"rotation":{"x":-0.00011133888619951904,"y":0.9960464835166931,"z":-0.08928485959768295,"w":0.0003039936418645084},"size":2.196805477142334,"orthographic":false}