{"cameraMode":{"drawMode":0,"name":"Shaded","section":"Shading Mode"},"sceneLighting":false,"audioPlay":false,"sceneViewState":{"showFog":false,"showMaterialUpdate":false,"showSkybox":false,"showFlares":false,"showImageEffects":false,"showParticleSystems":false},"in2DMode":false,"pivot":{"x":-44.6410026550293,"y":-6.942566871643066,"z":-0.32726287841796877},"rotation":{"x":-0.3455153703689575,"y":-0.011507532559335232,"z":0.004260551184415817,"w":-0.9383448958396912},"size":12.358400344848633,"orthographic":false}