{"cameraMode":{"drawMode":0,"name":"Shaded","section":"Shading Mode"},"sceneLighting":false,"audioPlay":false,"sceneViewState":{"showFog":false,"showMaterialUpdate":false,"showSkybox":false,"showFlares":false,"showImageEffects":false,"showParticleSystems":false},"in2DMode":false,"pivot":{"x":-10.639610290527344,"y":32.13874435424805,"z":82.53765869140625},"rotation":{"x":-0.2464560866355896,"y":0.5227312445640564,"z":-0.1610061675310135,"w":-0.8000695705413818},"size":1.6873403787612916,"orthographic":false}